win,lose,probability
Toronto Raptors,New Orleans Pelicans,0.876258418
Los Angeles Clippers,Los Angeles Lakers,0.609180271
Charlotte Hornets,Chicago Bulls,0.819787389
Indiana Pacers,Detroit Pistons,0.650100733
Orlando Magic,Cleveland Cavaliers,0.909378474
Brooklyn Nets,Minnesota Timberwolves,0.594417319
Miami Heat,Memphis Grizzlies,0.594264784
Philadelphia 76ers,Boston Celtics,0.64566523
Washington Wizards,Dallas Mavericks,0.507732136
San Antonio Spurs,New York Knicks,0.946929232
Oklahoma City Thunder,Utah Jazz,0.502066918
Sacramento Kings,Phoenix Suns,0.879903115
Portland Trail Blazers,Denver Nuggets,0.514695573
Detroit Pistons,Atlanta Hawks,0.71379292
Houston Rockets,Milwaukee Bucks,0.5241611
Golden State Warriors,Los Angeles Clippers,0.757999627
Toronto Raptors,Boston Celtics,0.6193614
Charlotte Hornets,Minnesota Timberwolves,0.590919164
Brooklyn Nets,New York Knicks,0.883637776
Memphis Grizzlies,Chicago Bulls,0.800530821
New Orleans Pelicans,Dallas Mavericks,0.520230125
Oklahoma City Thunder,Washington Wizards,0.797861101
Denver Nuggets,Phoenix Suns,0.966085019
Portland Trail Blazers,Sacramento Kings,0.729245745
Utah Jazz,Los Angeles Lakers,0.56831402
Milwaukee Bucks,Miami Heat,0.781650662
Philadelphia 76ers,Detroit Pistons,0.747585059
Orlando Magic,Atlanta Hawks,0.765246697
Boston Celtics,New York Knicks,0.945785092
Toronto Raptors,Chicago Bulls,0.952642653
Indiana Pacers,Cleveland Cavaliers,0.91942983
Houston Rockets,New Orleans Pelicans,0.822207613
San Antonio Spurs,Washington Wizards,0.788621014
Utah Jazz,Sacramento Kings,0.730617534
Los Angeles Clippers,Phoenix Suns,0.933211529
Golden State Warriors,Oklahoma City Thunder,0.562293851
Memphis Grizzlies,Brooklyn Nets,0.523572913
Portland Trail Blazers,Dallas Mavericks,0.776282676
Miami Heat,Minnesota Timberwolves,0.550960087
Los Angeles Lakers,Charlotte Hornets,0.588152899
Chicago Bulls,New York Knicks,0.694353984
Indiana Pacers,Detroit Pistons,0.571042983
Toronto Raptors,Orlando Magic,0.789586312
Philadelphia 76ers,Atlanta Hawks,0.875674339
Houston Rockets,Oklahoma City Thunder,0.594799828
Milwaukee Bucks,Cleveland Cavaliers,0.963332575
Golden State Warriors,New Orleans Pelicans,0.8199995
San Antonio Spurs,Portland Trail Blazers,0.525834671
Utah Jazz,Phoenix Suns,0.94195668
Denver Nuggets,Sacramento Kings,0.756934773
Los Angeles Clippers,Charlotte Hornets,0.669099964
Miami Heat,Atlanta Hawks,0.757518332
Denver Nuggets,Dallas Mavericks,0.834237839
Los Angeles Lakers,Memphis Grizzlies,0.622102722
Chicago Bulls,Cleveland Cavaliers,0.687082279
Orlando Magic,New York Knicks,0.91286394
Philadelphia 76ers,Minnesota Timberwolves,0.81628875
Milwaukee Bucks,Boston Celtics,0.559650455
Indiana Pacers,Brooklyn Nets,0.529643533
Toronto Raptors,Detroit Pistons,0.85563477
Oklahoma City Thunder,Portland Trail Blazers,0.539859497
Houston Rockets,Washington Wizards,0.762581376
Charlotte Hornets,Sacramento Kings,0.514582088
Utah Jazz,Los Angeles Clippers,0.587143584
Golden State Warriors,Phoenix Suns,0.973696996
Miami Heat,Atlanta Hawks,0.739354436
Denver Nuggets,New Orleans Pelicans,0.777514154
San Antonio Spurs,Los Angeles Clippers,0.523851411
Houston Rockets,Brooklyn Nets,0.6827128
Indiana Pacers,Cleveland Cavaliers,0.908434135
Milwaukee Bucks,Orlando Magic,0.651536624
Boston Celtics,New York Knicks,0.939070491
Detroit Pistons,Chicago Bulls,0.817236363
Los Angeles Lakers,Dallas Mavericks,0.639208038
Utah Jazz,Sacramento Kings,0.665890258
Golden State Warriors,San Antonio Spurs,0.695040386
Oklahoma City Thunder,New Orleans Pelicans,0.801816201
Detroit Pistons,Brooklyn Nets,0.516681313
Denver Nuggets,Orlando Magic,0.639731587
Memphis Grizzlies,Phoenix Suns,0.883898208
Milwaukee Bucks,Toronto Raptors,0.522371271
Minnesota Timberwolves,Washington Wizards,0.504589996
Golden State Warriors,Charlotte Hornets,0.835261552
Portland Trail Blazers,Philadelphia 76ers,0.50909799
Indiana Pacers,Chicago Bulls,0.862921402
Houston Rockets,Miami Heat,0.670051278
Sacramento Kings,New York Knicks,0.881256181
San Antonio Spurs,Los Angeles Lakers,0.684738757
Dallas Mavericks,Cleveland Cavaliers,0.867574935
Los Angeles Clippers,Utah Jazz,0.518193634
Detroit Pistons,Washington Wizards,0.522860643
Brooklyn Nets,New Orleans Pelicans,0.619418189
Houston Rockets,Memphis Grizzlies,0.712191139
Milwaukee Bucks,Minnesota Timberwolves,0.758270781
Philadelphia 76ers,Phoenix Suns,0.962868986
Golden State Warriors,Portland Trail Blazers,0.66617413
Indiana Pacers,Charlotte Hornets,0.533251794
Boston Celtics,Cleveland Cavaliers,0.944012922
San Antonio Spurs,Atlanta Hawks,0.83911791
Los Angeles Lakers,Chicago Bulls,0.868238013
Oklahoma City Thunder,Orlando Magic,0.681929338
Denver Nuggets,Miami Heat,0.763295397
Detroit Pistons,New York Knicks,0.865290522
Indiana Pacers,Washington Wizards,0.684114478
Atlanta Hawks,Chicago Bulls,0.621445377
Golden State Warriors,Houston Rockets,0.529163084
Toronto Raptors,Sacramento Kings,0.860080487
Memphis Grizzlies,Minnesota Timberwolves,0.56032325
Orlando Magic,Dallas Mavericks,0.655037772
Philadelphia 76ers,Utah Jazz,0.566158261
Milwaukee Bucks,Los Angeles Clippers,0.604699721
Boston Celtics,Charlotte Hornets,0.62798859
San Antonio Spurs,Oklahoma City Thunder,0.548300309
Miami Heat,Phoenix Suns,0.912615033
Portland Trail Blazers,Los Angeles Clippers,0.556837547
Indiana Pacers,Detroit Pistons,0.650100733
Orlando Magic,Memphis Grizzlies,0.656007202
Washington Wizards,Cleveland Cavaliers,0.829724422
Sacramento Kings,Atlanta Hawks,0.665552602
Golden State Warriors,Minnesota Timberwolves,0.795227234
Toronto Raptors,New Orleans Pelicans,0.824904271
Dallas Mavericks,New York Knicks,0.822595754
Denver Nuggets,Philadelphia 76ers,0.564970147
Milwaukee Bucks,Utah Jazz,0.5733156
Portland Trail Blazers,Brooklyn Nets,0.76654781
Los Angeles Lakers,Miami Heat,0.541356073
San Antonio Spurs,Boston Celtics,0.585441407
Charlotte Hornets,New Orleans Pelicans,0.615996364
Houston Rockets,Chicago Bulls,0.929110975
Memphis Grizzlies,Dallas Mavericks,0.573573024
Golden State Warriors,Oklahoma City Thunder,0.562293851
Denver Nuggets,Minnesota Timberwolves,0.748686891
Orlando Magic,Indiana Pacers,0.550592125
Philadelphia 76ers,Charlotte Hornets,0.784277879
Milwaukee Bucks,Oklahoma City Thunder,0.50924199
Cleveland Cavaliers,New York Knicks,0.590409764
Brooklyn Nets,Phoenix Suns,0.8911887
Portland Trail Blazers,Atlanta Hawks,0.884530139
Toronto Raptors,Los Angeles Lakers,0.73496553
Detroit Pistons,Minnesota Timberwolves,0.553509915
Boston Celtics,Dallas Mavericks,0.758424392
San Antonio Spurs,Memphis Grizzlies,0.764593967
Houston Rockets,New Orleans Pelicans,0.754272252
Golden State Warriors,Utah Jazz,0.729497655
Toronto Raptors,Los Angeles Clippers,0.661991425
Oklahoma City Thunder,Indiana Pacers,0.586637517
Philadelphia 76ers,Cleveland Cavaliers,0.956621292
Miami Heat,Detroit Pistons,0.590724429
Chicago Bulls,New York Knicks,0.554901158
Denver Nuggets,Atlanta Hawks,0.905595953
Los Angeles Lakers,Phoenix Suns,0.918017339
Utah Jazz,Brooklyn Nets,0.708132222
Portland Trail Blazers,Sacramento Kings,0.729245745
Charlotte Hornets,Memphis Grizzlies,0.576710449
Philadelphia 76ers,Orlando Magic,0.64487865
Boston Celtics,Washington Wizards,0.763182619
Houston Rockets,Los Angeles Clippers,0.677931277
San Antonio Spurs,Minnesota Timberwolves,0.692879125
Golden State Warriors,Los Angeles Lakers,0.72837099
Toronto Raptors,Portland Trail Blazers,0.559688243
Miami Heat,Cleveland Cavaliers,0.91091165
Milwaukee Bucks,Chicago Bulls,0.943407147
Los Angeles Clippers,New Orleans Pelicans,0.658198914
Dallas Mavericks,New York Knicks,0.871437105
Atlanta Hawks,Phoenix Suns,0.778304624
Denver Nuggets,Brooklyn Nets,0.804377519
Charlotte Hornets,Detroit Pistons,0.573126949
San Antonio Spurs,Orlando Magic,0.573511419
Houston Rockets,Indiana Pacers,0.716178437
Utah Jazz,Memphis Grizzlies,0.643242853
Minnesota Timberwolves,Washington Wizards,0.566289761
Philadelphia 76ers,Oklahoma City Thunder,0.501943564
Golden State Warriors,Boston Celtics,0.717613125
Los Angeles Lakers,Sacramento Kings,0.62721346
Brooklyn Nets,Chicago Bulls,0.828168347
Milwaukee Bucks,Indiana Pacers,0.65412165
Charlotte Hornets,New York Knicks,0.897368911
Miami Heat,New Orleans Pelicans,0.632958374
Houston Rockets,Minnesota Timberwolves,0.723504469
Toronto Raptors,Dallas Mavericks,0.843958014
San Antonio Spurs,Portland Trail Blazers,0.525834671
Los Angeles Clippers,Atlanta Hawks,0.832543604
Philadelphia 76ers,Cleveland Cavaliers,0.96210452
Boston Celtics,Sacramento Kings,0.678977807
Denver Nuggets,Memphis Grizzlies,0.738030861
Orlando Magic,Washington Wizards,0.68657409
Golden State Warriors,New Orleans Pelicans,0.8199995
Los Angeles Lakers,Atlanta Hawks,0.778333351
Cleveland Cavaliers,New York Knicks,0.590409764
Indiana Pacers,Brooklyn Nets,0.529643533
Toronto Raptors,Charlotte Hornets,0.839162853
Milwaukee Bucks,Chicago Bulls,0.940162652
Houston Rockets,Portland Trail Blazers,0.572845172
San Antonio Spurs,Dallas Mavericks,0.752366623
Boston Celtics,Phoenix Suns,0.945121533
Utah Jazz,Minnesota Timberwolves,0.737776239
Oklahoma City Thunder,Los Angeles Clippers,0.534435979
Golden State Warriors,Memphis Grizzlies,0.785980471
Portland Trail Blazers,New Orleans Pelicans,0.751399501
Sacramento Kings,Phoenix Suns,0.87321469
Oklahoma City Thunder,Los Angeles Lakers,0.619103481
Philadelphia 76ers,New York Knicks,0.958372891
San Antonio Spurs,Washington Wizards,0.734697154
Milwaukee Bucks,Atlanta Hawks,0.878818367
Brooklyn Nets,Charlotte Hornets,0.545282149
Golden State Warriors,Dallas Mavericks,0.839483117
Miami Heat,Cleveland Cavaliers,0.885151277
Toronto Raptors,Orlando Magic,0.789586312
Detroit Pistons,Chicago Bulls,0.817236363
Utah Jazz,Minnesota Timberwolves,0.655957177
Denver Nuggets,Houston Rockets,0.601919789
Los Angeles Clippers,Boston Celtics,0.503345916
Milwaukee Bucks,Portland Trail Blazers,0.630273214
New Orleans Pelicans,Phoenix Suns,0.864127803
Detroit Pistons,Atlanta Hawks,0.71379292
Charlotte Hornets,Washington Wizards,0.554530032
Brooklyn Nets,Sacramento Kings,0.585543492
Miami Heat,Chicago Bulls,0.860055511
Oklahoma City Thunder,Los Angeles Lakers,0.696773848
Philadelphia 76ers,San Antonio Spurs,0.620383672
Dallas Mavericks,Cleveland Cavaliers,0.816226435
Denver Nuggets,Boston Celtics,0.661644336
Golden State Warriors,Utah Jazz,0.624547714
Houston Rockets,Los Angeles Clippers,0.560643978
Minnesota Timberwolves,Phoenix Suns,0.878041417
Charlotte Hornets,Chicago Bulls,0.819787389
Indiana Pacers,Orlando Magic,0.54051558
Toronto Raptors,Atlanta Hawks,0.902769493
San Antonio Spurs,New York Knicks,0.951103702
Philadelphia 76ers,Miami Heat,0.750305184
Portland Trail Blazers,Cleveland Cavaliers,0.95549976
Los Angeles Lakers,Memphis Grizzlies,0.554385459
Milwaukee Bucks,Detroit Pistons,0.831083831
Utah Jazz,New Orleans Pelicans,0.757544663
Houston Rockets,Dallas Mavericks,0.814651701
Brooklyn Nets,New York Knicks,0.892430162
Sacramento Kings,Washington Wizards,0.513757766
Denver Nuggets,Phoenix Suns,0.966085019
Los Angeles Clippers,New Orleans Pelicans,0.732936062
Brooklyn Nets,Cleveland Cavaliers,0.889118402
Orlando Magic,Detroit Pistons,0.578189862
Indiana Pacers,Memphis Grizzlies,0.653428801
Minnesota Timberwolves,Atlanta Hawks,0.657337955
Boston Celtics,Sacramento Kings,0.741428424
Miami Heat,Charlotte Hornets,0.559584556
Toronto Raptors,Philadelphia 76ers,0.634601069
Portland Trail Blazers,Chicago Bulls,0.928087351
Milwaukee Bucks,Utah Jazz,0.697312531
San Antonio Spurs,Los Angeles Lakers,0.684738757
Golden State Warriors,Oklahoma City Thunder,0.6859616
Los Angeles Clippers,Dallas Mavericks,0.688544049
Denver Nuggets,Washington Wizards,0.837822109
Boston Celtics,Brooklyn Nets,0.71949905
Charlotte Hornets,Detroit Pistons,0.573126949
Orlando Magic,Cleveland Cavaliers,0.92156944
Utah Jazz,Indiana Pacers,0.534772083
Philadelphia 76ers,Sacramento Kings,0.810723549
Toronto Raptors,New York Knicks,0.970622983
Houston Rockets,Miami Heat,0.737959818
Los Angeles Clippers,Memphis Grizzlies,0.608211091
Milwaukee Bucks,Atlanta Hawks,0.914157512
San Antonio Spurs,Minnesota Timberwolves,0.774956939
Washington Wizards,Phoenix Suns,0.867002445
Los Angeles Lakers,New Orleans Pelicans,0.606801065
Portland Trail Blazers,Oklahoma City Thunder,0.573053925
Golden State Warriors,Chicago Bulls,0.951253989
Boston Celtics,Brooklyn Nets,0.624597121
Detroit Pistons,Charlotte Hornets,0.503557899
Toronto Raptors,Orlando Magic,0.70534783
Milwaukee Bucks,Cleveland Cavaliers,0.963154812
Philadelphia 76ers,New York Knicks,0.96332628
Indiana Pacers,Atlanta Hawks,0.800854363
Utah Jazz,Memphis Grizzlies,0.643242853
Golden State Warriors,Miami Heat,0.750865181
Oklahoma City Thunder,New Orleans Pelicans,0.801816201
San Antonio Spurs,Los Angeles Clippers,0.635119399
Dallas Mavericks,Phoenix Suns,0.869988658
Portland Trail Blazers,Chicago Bulls,0.923024846
Los Angeles Lakers,Washington Wizards,0.654093752
Denver Nuggets,Sacramento Kings,0.756934773
Philadelphia 76ers,Indiana Pacers,0.729173379
Houston Rockets,Atlanta Hawks,0.893363592
Milwaukee Bucks,Charlotte Hornets,0.812424775
Miami Heat,Brooklyn Nets,0.502226347
Minnesota Timberwolves,Memphis Grizzlies,0.531988534
Boston Celtics,New York Knicks,0.945785092
Los Angeles Lakers,Dallas Mavericks,0.648154169
San Antonio Spurs,Detroit Pistons,0.686834901
Oklahoma City Thunder,New Orleans Pelicans,0.734137188
Golden State Warriors,Orlando Magic,0.69831884
Toronto Raptors,Utah Jazz,0.735109314
Los Angeles Clippers,Washington Wizards,0.728072528
Charlotte Hornets,Phoenix Suns,0.896150625
Philadelphia 76ers,Utah Jazz,0.659139484
Golden State Warriors,Atlanta Hawks,0.899780885
Indiana Pacers,Memphis Grizzlies,0.564266584
Milwaukee Bucks,New York Knicks,0.964823142
Sacramento Kings,Chicago Bulls,0.784050184
Detroit Pistons,Cleveland Cavaliers,0.881509281
Orlando Magic,Washington Wizards,0.633803748
New Orleans Pelicans,Dallas Mavericks,0.520230125
Toronto Raptors,Miami Heat,0.811759048
San Antonio Spurs,Houston Rockets,0.521983794
Denver Nuggets,Los Angeles Lakers,0.750468875
Portland Trail Blazers,Los Angeles Clippers,0.556837547
Golden State Warriors,Charlotte Hornets,0.764150754
Milwaukee Bucks,Detroit Pistons,0.753054817
Orlando Magic,Phoenix Suns,0.923539137
Brooklyn Nets,Atlanta Hawks,0.689881648
Boston Celtics,Miami Heat,0.667950102
Memphis Grizzlies,Chicago Bulls,0.815036044
Oklahoma City Thunder,Indiana Pacers,0.688237373
Minnesota Timberwolves,Dallas Mavericks,0.527733633
Utah Jazz,Los Angeles Lakers,0.639584783
Portland Trail Blazers,Sacramento Kings,0.785893504
Philadelphia 76ers,Washington Wizards,0.789014741
Denver Nuggets,New York Knicks,0.962526533
Toronto Raptors,Houston Rockets,0.669100437
New Orleans Pelicans,Phoenix Suns,0.85989223
Charlotte Hornets,Brooklyn Nets,0.554693773
Orlando Magic,Cleveland Cavaliers,0.92156944
Indiana Pacers,Detroit Pistons,0.571042983
Denver Nuggets,Boston Celtics,0.546897355
Golden State Warriors,Chicago Bulls,0.951103985
Miami Heat,Washington Wizards,0.627200216
Oklahoma City Thunder,Minnesota Timberwolves,0.784631208
Milwaukee Bucks,Los Angeles Clippers,0.727941015
San Antonio Spurs,Sacramento Kings,0.768494761
Portland Trail Blazers,Los Angeles Lakers,0.706024242
New Orleans Pelicans,Dallas Mavericks,0.501556475
Indiana Pacers,New York Knicks,0.921915771
Philadelphia 76ers,Cleveland Cavaliers,0.956621292
Houston Rockets,Phoenix Suns,0.961356041
Utah Jazz,Memphis Grizzlies,0.726305817
Denver Nuggets,Brooklyn Nets,0.71012189
Charlotte Hornets,Atlanta Hawks,0.74398432
Miami Heat,Chicago Bulls,0.830228571
Toronto Raptors,Philadelphia 76ers,0.521368525
Los Angeles Clippers,Washington Wizards,0.668328183
Sacramento Kings,Dallas Mavericks,0.536866216
Portland Trail Blazers,Oklahoma City Thunder,0.573053925
Los Angeles Lakers,Minnesota Timberwolves,0.635750105
Indiana Pacers,Los Angeles Clippers,0.502588733
Boston Celtics,Cleveland Cavaliers,0.936560444
Toronto Raptors,Chicago Bulls,0.952642653
Houston Rockets,Sacramento Kings,0.80057139
Milwaukee Bucks,Orlando Magic,0.756993142
Detroit Pistons,New Orleans Pelicans,0.511535764
Minnesota Timberwolves,Phoenix Suns,0.875972193
Oklahoma City Thunder,Utah Jazz,0.502066918
Golden State Warriors,Memphis Grizzlies,0.853901388
Charlotte Hornets,Washington Wizards,0.610136007
Miami Heat,Atlanta Hawks,0.757518332
Philadelphia 76ers,Denver Nuggets,0.55309159
Portland Trail Blazers,New York Knicks,0.951759553
Houston Rockets,Cleveland Cavaliers,0.956151624
Boston Celtics,Indiana Pacers,0.549521124
Orlando Magic,Los Angeles Lakers,0.560490679
Toronto Raptors,Los Angeles Clippers,0.763211927
Brooklyn Nets,Charlotte Hornets,0.545282149
Atlanta Hawks,Chicago Bulls,0.673833256
Utah Jazz,Minnesota Timberwolves,0.655957177
Memphis Grizzlies,Phoenix Suns,0.882187594
Milwaukee Bucks,New Orleans Pelicans,0.854618839
Oklahoma City Thunder,Sacramento Kings,0.711036705
Golden State Warriors,New York Knicks,0.969795634
Philadelphia 76ers,Boston Celtics,0.552442836
San Antonio Spurs,Cleveland Cavaliers,0.944723877
Detroit Pistons,Dallas Mavericks,0.566806273
Denver Nuggets,Portland Trail Blazers,0.605613252
Los Angeles Lakers,Miami Heat,0.5051931
Houston Rockets,Orlando Magic,0.609328424
Philadelphia 76ers,New Orleans Pelicans,0.831490187
Indiana Pacers,Atlanta Hawks,0.759953363
Charlotte Hornets,Chicago Bulls,0.835513692
Milwaukee Bucks,Memphis Grizzlies,0.747884278
Golden State Warriors,Utah Jazz,0.624547714
Los Angeles Clippers,Minnesota Timberwolves,0.621439141
Sacramento Kings,New York Knicks,0.856604299
San Antonio Spurs,Phoenix Suns,0.950501833
Toronto Raptors,Brooklyn Nets,0.846125536
Los Angeles Clippers,Chicago Bulls,0.891568307
Memphis Grizzlies,Washington Wizards,0.579955704
Miami Heat,Dallas Mavericks,0.622978745
Milwaukee Bucks,Cleveland Cavaliers,0.963332575
Denver Nuggets,Oklahoma City Thunder,0.62698041
Houston Rockets,Detroit Pistons,0.794686231
Orlando Magic,New Orleans Pelicans,0.623214532
Indiana Pacers,Charlotte Hornets,0.620576822
Los Angeles Lakers,Atlanta Hawks,0.752563903
Philadelphia 76ers,Brooklyn Nets,0.714711774
Denver Nuggets,New York Knicks,0.961099726
Golden State Warriors,Sacramento Kings,0.856599865
Detroit Pistons,Washington Wizards,0.573214873
Toronto Raptors,Cleveland Cavaliers,0.969370373
Houston Rockets,San Antonio Spurs,0.604996476
Miami Heat,Memphis Grizzlies,0.537103735
Milwaukee Bucks,Dallas Mavericks,0.848186026
Oklahoma City Thunder,Chicago Bulls,0.919827323
Portland Trail Blazers,Phoenix Suns,0.956391425
Charlotte Hornets,Sacramento Kings,0.582022619
Indiana Pacers,Los Angeles Lakers,0.557679068
Atlanta Hawks,New York Knicks,0.780516823
Brooklyn Nets,New Orleans Pelicans,0.530242494
Utah Jazz,Orlando Magic,0.623453569
Los Angeles Clippers,Phoenix Suns,0.936561741
Charlotte Hornets,Cleveland Cavaliers,0.894191174
Toronto Raptors,Detroit Pistons,0.796095377
Philadelphia 76ers,Miami Heat,0.750305184
Washington Wizards,Chicago Bulls,0.755613821
Minnesota Timberwolves,New Orleans Pelicans,0.572347242
Oklahoma City Thunder,Memphis Grizzlies,0.774584143
Denver Nuggets,Orlando Magic,0.73726181
Boston Celtics,Dallas Mavericks,0.731532627
Golden State Warriors,Portland Trail Blazers,0.551394469
Utah Jazz,Atlanta Hawks,0.815084784
Milwaukee Bucks,Los Angeles Lakers,0.769518437
San Antonio Spurs,Brooklyn Nets,0.748080925
Houston Rockets,Los Angeles Clippers,0.560643978
Memphis Grizzlies,Cleveland Cavaliers,0.879969103
Indiana Pacers,Sacramento Kings,0.658348549
Boston Celtics,Detroit Pistons,0.734377031
Toronto Raptors,Washington Wizards,0.87355466
Miami Heat,New York Knicks,0.889455292
Oklahoma City Thunder,Phoenix Suns,0.956071209
Philadelphia 76ers,Dallas Mavericks,0.824244444
Denver Nuggets,Minnesota Timberwolves,0.82663936
Portland Trail Blazers,Orlando Magic,0.691432039
Golden State Warriors,New Orleans Pelicans,0.873120868
Utah Jazz,Charlotte Hornets,0.614004052
Brooklyn Nets,Atlanta Hawks,0.746734565
Detroit Pistons,Chicago Bulls,0.796085162
Philadelphia 76ers,Washington Wizards,0.828000249
Milwaukee Bucks,New York Knicks,0.964343965
Memphis Grizzlies,Sacramento Kings,0.551266601
San Antonio Spurs,Los Angeles Clippers,0.635119399
Houston Rockets,Phoenix Suns,0.957030815
Portland Trail Blazers,Minnesota Timberwolves,0.792001467
Toronto Raptors,Dallas Mavericks,0.870638175
Boston Celtics,Charlotte Hornets,0.708778704
Milwaukee Bucks,Indiana Pacers,0.762331338
Oklahoma City Thunder,Los Angeles Clippers,0.648075166
Denver Nuggets,Los Angeles Lakers,0.672886085
Atlanta Hawks,Cleveland Cavaliers,0.774629686
Philadelphia 76ers,Detroit Pistons,0.747585059
Toronto Raptors,Indiana Pacers,0.707712748
Washington Wizards,New York Knicks,0.868479131
Orlando Magic,Chicago Bulls,0.864264989
Utah Jazz,Miami Heat,0.596724191
San Antonio Spurs,Memphis Grizzlies,0.680865435
Denver Nuggets,Phoenix Suns,0.96205966
Portland Trail Blazers,New Orleans Pelicans,0.808741714
Houston Rockets,Sacramento Kings,0.732283287
Golden State Warriors,Minnesota Timberwolves,0.861047377
Toronto Raptors,Boston Celtics,0.723377841
Philadelphia 76ers,Milwaukee Bucks,0.540304564
Golden State Warriors,Houston Rockets,0.662731972
Los Angeles Clippers,Los Angeles Lakers,0.531285937
Denver Nuggets,New Orleans Pelicans,0.841150991
Detroit Pistons,Washington Wizards,0.573214873
Brooklyn Nets,New York Knicks,0.883637776
San Antonio Spurs,Dallas Mavericks,0.752366623
Oklahoma City Thunder,Memphis Grizzlies,0.774584143
Sacramento Kings,Minnesota Timberwolves,0.535511542
Portland Trail Blazers,Utah Jazz,0.524640652
Boston Celtics,Cleveland Cavaliers,0.936560444
Oklahoma City Thunder,Charlotte Hornets,0.662609243
Philadelphia 76ers,Orlando Magic,0.64487865
Milwaukee Bucks,Atlanta Hawks,0.878818367
Indiana Pacers,Miami Heat,0.515211161
Golden State Warriors,Phoenix Suns,0.973696996
Denver Nuggets,Memphis Grizzlies,0.818097676
Toronto Raptors,Boston Celtics,0.6193614
Indiana Pacers,New Orleans Pelicans,0.616324296
Atlanta Hawks,Chicago Bulls,0.673833256
Houston Rockets,Brooklyn Nets,0.78218435
Philadelphia 76ers,Miami Heat,0.702771256
Minnesota Timberwolves,Cleveland Cavaliers,0.856761398
Washington Wizards,New York Knicks,0.835720077
Golden State Warriors,Dallas Mavericks,0.867379688
Milwaukee Bucks,Orlando Magic,0.756993142
San Antonio Spurs,Detroit Pistons,0.761944491
Sacramento Kings,Phoenix Suns,0.87321469
Portland Trail Blazers,Los Angeles Lakers,0.706024242
Los Angeles Clippers,Utah Jazz,0.518193634
Toronto Raptors,Oklahoma City Thunder,0.69209522
Denver Nuggets,Sacramento Kings,0.821319077
Memphis Grizzlies,Charlotte Hornets,0.510459329
Houston Rockets,New Orleans Pelicans,0.754272252
Los Angeles Lakers,Dallas Mavericks,0.648154169
Orlando Magic,Atlanta Hawks,0.802667187
Miami Heat,Washington Wizards,0.600973455
Milwaukee Bucks,Chicago Bulls,0.940162652
Minnesota Timberwolves,Brooklyn Nets,0.509623633
Utah Jazz,Detroit Pistons,0.723381315
Portland Trail Blazers,Phoenix Suns,0.957889396
Boston Celtics,Charlotte Hornets,0.62798859
Philadelphia 76ers,Indiana Pacers,0.647486345
Los Angeles Clippers,Sacramento Kings,0.631809425
Houston Rockets,Denver Nuggets,0.537012385
Golden State Warriors,San Antonio Spurs,0.57610961
Toronto Raptors,Cleveland Cavaliers,0.969370373
Oklahoma City Thunder,Dallas Mavericks,0.793611218
Orlando Magic,Washington Wizards,0.633803748
Portland Trail Blazers,New York Knicks,0.956924926
Milwaukee Bucks,Minnesota Timberwolves,0.841105146
Los Angeles Lakers,Phoenix Suns,0.912485359
Charlotte Hornets,Cleveland Cavaliers,0.894191174
Denver Nuggets,Indiana Pacers,0.642356116
Toronto Raptors,Miami Heat,0.757095735
Utah Jazz,Chicago Bulls,0.905212302
Golden State Warriors,Minnesota Timberwolves,0.795227234
Brooklyn Nets,Dallas Mavericks,0.564430025
San Antonio Spurs,Oklahoma City Thunder,0.548300309
Sacramento Kings,Memphis Grizzlies,0.520938533
Los Angeles Clippers,Detroit Pistons,0.696693539
Boston Celtics,Atlanta Hawks,0.856817556
Orlando Magic,Miami Heat,0.577585961
Portland Trail Blazers,Washington Wizards,0.759774827
Houston Rockets,Philadelphia 76ers,0.531437874
New York Knicks,Phoenix Suns,0.576823298
Los Angeles Lakers,New Orleans Pelicans,0.659661923
Los Angeles Clippers,Memphis Grizzlies,0.699783095
Toronto Raptors,Brooklyn Nets,0.767575649
Utah Jazz,Orlando Magic,0.531933341
Indiana Pacers,Atlanta Hawks,0.759953363
Oklahoma City Thunder,Cleveland Cavaliers,0.951494888
Boston Celtics,Chicago Bulls,0.910189644
Denver Nuggets,Washington Wizards,0.785261114
Charlotte Hornets,Dallas Mavericks,0.577295068
Golden State Warriors,Detroit Pistons,0.852062579
Milwaukee Bucks,San Antonio Spurs,0.660662537
Sacramento Kings,New Orleans Pelicans,0.561464633
Los Angeles Clippers,New York Knicks,0.927562105
Portland Trail Blazers,Miami Heat,0.666629093
Minnesota Timberwolves,Cleveland Cavaliers,0.873653424
Memphis Grizzlies,Phoenix Suns,0.882187594
Los Angeles Lakers,Detroit Pistons,0.618649397
Indiana Pacers,Charlotte Hornets,0.533251794
Orlando Magic,Brooklyn Nets,0.635508259
Philadelphia 76ers,Oklahoma City Thunder,0.610328394
Boston Celtics,Washington Wizards,0.712943767
Denver Nuggets,Atlanta Hawks,0.873214726
Utah Jazz,New Orleans Pelicans,0.691031585
Dallas Mavericks,Chicago Bulls,0.738095394
Milwaukee Bucks,San Antonio Spurs,0.523312688
Golden State Warriors,Sacramento Kings,0.80235093
Detroit Pistons,Cleveland Cavaliers,0.881509281
Toronto Raptors,Portland Trail Blazers,0.672509716
Oklahoma City Thunder,Brooklyn Nets,0.659362194
Memphis Grizzlies,Minnesota Timberwolves,0.56032325
Sacramento Kings,Phoenix Suns,0.879903115
Los Angeles Lakers,New York Knicks,0.900433254
Boston Celtics,San Antonio Spurs,0.522451056
Toronto Raptors,Charlotte Hornets,0.77015076
Indiana Pacers,Miami Heat,0.574800748
Orlando Magic,Washington Wizards,0.68657409
Houston Rockets,Atlanta Hawks,0.858146184
Denver Nuggets,Dallas Mavericks,0.800477513
New Orleans Pelicans,Chicago Bulls,0.763891781
Utah Jazz,New York Knicks,0.935807583
Golden State Warriors,Milwaukee Bucks,0.621091198
Detroit Pistons,Cleveland Cavaliers,0.860193546
Philadelphia 76ers,Boston Celtics,0.64566523
Portland Trail Blazers,Minnesota Timberwolves,0.720405352
Oklahoma City Thunder,Houston Rockets,0.536022019
Washington Wizards,Atlanta Hawks,0.663884719
New Orleans Pelicans,New York Knicks,0.865631461
Miami Heat,Brooklyn Nets,0.502226347
Indiana Pacers,Chicago Bulls,0.872757053
San Antonio Spurs,Memphis Grizzlies,0.680865435
Orlando Magic,Phoenix Suns,0.92308625
Utah Jazz,Charlotte Hornets,0.697160303
Los Angeles Lakers,Dallas Mavericks,0.639208038
Milwaukee Bucks,Sacramento Kings,0.766302307
Golden State Warriors,Los Angeles Clippers,0.654434873
Houston Rockets,Minnesota Timberwolves,0.806363796
Boston Celtics,New Orleans Pelicans,0.767618622
Detroit Pistons,Chicago Bulls,0.796085162
Oklahoma City Thunder,Los Angeles Lakers,0.696773848
Philadelphia 76ers,Dallas Mavericks,0.804031536
Denver Nuggets,Cleveland Cavaliers,0.959458014
Portland Trail Blazers,Milwaukee Bucks,0.501799518
Miami Heat,New York Knicks,0.913635726
Utah Jazz,Washington Wizards,0.700630407
Brooklyn Nets,Atlanta Hawks,0.746734565
Golden State Warriors,Memphis Grizzlies,0.785980471
Toronto Raptors,San Antonio Spurs,0.701073957
Denver Nuggets,Los Angeles Clippers,0.706764527
Charlotte Hornets,Phoenix Suns,0.896177816
Detroit Pistons,New Orleans Pelicans,0.579247497
Philadelphia 76ers,Indiana Pacers,0.647486345
Boston Celtics,Chicago Bulls,0.903543471
Oklahoma City Thunder,Minnesota Timberwolves,0.70184485
Portland Trail Blazers,Charlotte Hornets,0.757018353
Orlando Magic,Sacramento Kings,0.59578278
Los Angeles Lakers,Cleveland Cavaliers,0.896506929
Atlanta Hawks,Phoenix Suns,0.756934712
Utah Jazz,Brooklyn Nets,0.610564153
Houston Rockets,Memphis Grizzlies,0.712191139
Milwaukee Bucks,New York Knicks,0.964823142
Golden State Warriors,Dallas Mavericks,0.867379688
Los Angeles Clippers,Cleveland Cavaliers,0.924616019
Boston Celtics,Detroit Pistons,0.734377031
Philadelphia 76ers,Brooklyn Nets,0.793030539
San Antonio Spurs,Miami Heat,0.636480094
Washington Wizards,Chicago Bulls,0.793224278
Indiana Pacers,Minnesota Timberwolves,0.577948764
Toronto Raptors,Oklahoma City Thunder,0.570543064
Denver Nuggets,Charlotte Hornets,0.795981268
Houston Rockets,Portland Trail Blazers,0.572845172
Sacramento Kings,Dallas Mavericks,0.548907075
Los Angeles Lakers,Orlando Magic,0.506688588
Phoenix Suns,New York Knicks,0.544952045
Milwaukee Bucks,Boston Celtics,0.684625267
Utah Jazz,New Orleans Pelicans,0.691031585
Golden State Warriors,Denver Nuggets,0.63315678
Los Angeles Clippers,Orlando Magic,0.59255514
Indiana Pacers,Minnesota Timberwolves,0.666551259
Philadelphia 76ers,Chicago Bulls,0.933301397
Toronto Raptors,Washington Wizards,0.87355466
Memphis Grizzlies,Cleveland Cavaliers,0.863481225
Oklahoma City Thunder,Miami Heat,0.711298649
San Antonio Spurs,Atlanta Hawks,0.873860302
Portland Trail Blazers,Dallas Mavericks,0.776282676
Los Angeles Clippers,New Orleans Pelicans,0.658198914
Milwaukee Bucks,Brooklyn Nets,0.720627679
Boston Celtics,Phoenix Suns,0.946722457
Detroit Pistons,Atlanta Hawks,0.673619048
Philadelphia 76ers,New York Knicks,0.96332628
Chicago Bulls,Cleveland Cavaliers,0.544245756
Toronto Raptors,Minnesota Timberwolves,0.800642908
Golden State Warriors,Orlando Magic,0.784790871
Houston Rockets,Los Angeles Lakers,0.724256373
Oklahoma City Thunder,Portland Trail Blazers,0.539859497
Utah Jazz,Sacramento Kings,0.730617534
San Antonio Spurs,Miami Heat,0.6995915
Denver Nuggets,Indiana Pacers,0.74288623
Detroit Pistons,Washington Wizards,0.522860643
Toronto Raptors,Atlanta Hawks,0.902769493
Philadelphia 76ers,Brooklyn Nets,0.714711774
Orlando Magic,Charlotte Hornets,0.540521686
New York Knicks,Cleveland Cavaliers,0.571646651
Houston Rockets,Oklahoma City Thunder,0.594799828
Memphis Grizzlies,New Orleans Pelicans,0.585961868
Miami Heat,Sacramento Kings,0.599509638
Milwaukee Bucks,Chicago Bulls,0.943407147
Boston Celtics,Los Angeles Lakers,0.652310445
Denver Nuggets,Minnesota Timberwolves,0.748686891
San Antonio Spurs,Phoenix Suns,0.950501833
Utah Jazz,Indiana Pacers,0.630292574
Golden State Warriors,Portland Trail Blazers,0.551394469
Los Angeles Clippers,Dallas Mavericks,0.688544049
Detroit Pistons,Sacramento Kings,0.544427028
Oklahoma City Thunder,Orlando Magic,0.583868986
Toronto Raptors,Philadelphia 76ers,0.634601069
Los Angeles Clippers,Atlanta Hawks,0.791456369
Boston Celtics,Memphis Grizzlies,0.737227512
Miami Heat,Washington Wizards,0.627200216
Los Angeles Lakers,New York Knicks,0.918980533
Minnesota Timberwolves,Chicago Bulls,0.806056783
San Antonio Spurs,New Orleans Pelicans,0.725763089
Indiana Pacers,Phoenix Suns,0.920984472
Houston Rockets,Denver Nuggets,0.537012385
Golden State Warriors,Utah Jazz,0.729497655
Washington Wizards,Cleveland Cavaliers,0.864541913
Los Angeles Lakers,Brooklyn Nets,0.519645649
Portland Trail Blazers,Dallas Mavericks,0.800752204
Milwaukee Bucks,Charlotte Hornets,0.723535595
Detroit Pistons,Memphis Grizzlies,0.539015493
Boston Celtics,Orlando Magic,0.546696093
Toronto Raptors,New York Knicks,0.971931153
Sacramento Kings,Chicago Bulls,0.811727335
Los Angeles Clippers,Miami Heat,0.560247372
Houston Rockets,Minnesota Timberwolves,0.723504469
Denver Nuggets,New Orleans Pelicans,0.777514154
Oklahoma City Thunder,Atlanta Hawks,0.879941548
San Antonio Spurs,Phoenix Suns,0.953642962
Golden State Warriors,Indiana Pacers,0.789688078
Utah Jazz,Dallas Mavericks,0.748082661
Detroit Pistons,Brooklyn Nets,0.516681313
Chicago Bulls,Cleveland Cavaliers,0.687082279
Oklahoma City Thunder,Minnesota Timberwolves,0.70184485
Philadelphia 76ers,Los Angeles Lakers,0.737017273
Denver Nuggets,Houston Rockets,0.601919789
Toronto Raptors,San Antonio Spurs,0.584290944
Washington Wizards,Atlanta Hawks,0.639071417
Memphis Grizzlies,Phoenix Suns,0.883898208
Boston Celtics,New Orleans Pelicans,0.703572716
Brooklyn Nets,New York Knicks,0.892430162
Orlando Magic,Los Angeles Clippers,0.505439978
Portland Trail Blazers,Indiana Pacers,0.697635176
Detroit Pistons,Cleveland Cavaliers,0.860193546
Orlando Magic,Miami Heat,0.522510437
San Antonio Spurs,Chicago Bulls,0.918700079
Minnesota Timberwolves,Sacramento Kings,0.537411766
Oklahoma City Thunder,Dallas Mavericks,0.793611218
Houston Rockets,Utah Jazz,0.528489459
Charlotte Hornets,New York Knicks,0.882139538
Golden State Warriors,Philadelphia 76ers,0.512981034
New Orleans Pelicans,Cleveland Cavaliers,0.861622577
Boston Celtics,Miami Heat,0.610938083
Toronto Raptors,Atlanta Hawks,0.927684815
Denver Nuggets,Memphis Grizzlies,0.738030861
Milwaukee Bucks,Washington Wizards,0.851522374
Dallas Mavericks,Phoenix Suns,0.842420874
Los Angeles Clippers,Los Angeles Lakers,0.531285937
Indiana Pacers,Chicago Bulls,0.862921402
Brooklyn Nets,Detroit Pistons,0.576668253
Memphis Grizzlies,New York Knicks,0.88351833
San Antonio Spurs,Utah Jazz,0.599786258
Portland Trail Blazers,Houston Rockets,0.546988042
Oklahoma City Thunder,Sacramento Kings,0.711036705
Toronto Raptors,Cleveland Cavaliers,0.970987424
Charlotte Hornets,Washington Wizards,0.554530032
Philadelphia 76ers,Atlanta Hawks,0.875674339
Golden State Warriors,Boston Celtics,0.611411241
Denver Nuggets,Utah Jazz,0.674816984
Los Angeles Clippers,Sacramento Kings,0.704342557
Toronto Raptors,Detroit Pistons,0.796095377
Brooklyn Nets,Chicago Bulls,0.821918236
Houston Rockets,Dallas Mavericks,0.814651701
Memphis Grizzlies,New Orleans Pelicans,0.507871341
Milwaukee Bucks,Denver Nuggets,0.595859186
Oklahoma City Thunder,Phoenix Suns,0.952462808
Portland Trail Blazers,Los Angeles Lakers,0.640174015
Los Angeles Clippers,Minnesota Timberwolves,0.711924195
Indiana Pacers,New York Knicks,0.911952406
Orlando Magic,Miami Heat,0.577585961
Golden State Warriors,Cleveland Cavaliers,0.970026035
Brooklyn Nets,Washington Wizards,0.541522387
Philadelphia 76ers,Boston Celtics,0.552442836
Dallas Mavericks,Atlanta Hawks,0.642898386
San Antonio Spurs,Charlotte Hornets,0.738055247
Los Angeles Lakers,Sacramento Kings,0.578981614
Portland Trail Blazers,Utah Jazz,0.623655013
Denver Nuggets,Detroit Pistons,0.743334128
Houston Rockets,New Orleans Pelicans,0.822207613
Milwaukee Bucks,Phoenix Suns,0.969346477
Toronto Raptors,Chicago Bulls,0.952564383
Orlando Magic,Charlotte Hornets,0.540521686
New York Knicks,Cleveland Cavaliers,0.571646651
Indiana Pacers,Dallas Mavericks,0.678436961
Golden State Warriors,Washington Wizards,0.826597046
Boston Celtics,Atlanta Hawks,0.823873938
Brooklyn Nets,Phoenix Suns,0.897491452
Philadelphia 76ers,Miami Heat,0.702771256
Memphis Grizzlies,Detroit Pistons,0.542231189
Sacramento Kings,Minnesota Timberwolves,0.535511542
San Antonio Spurs,Los Angeles Clippers,0.523851411
Milwaukee Bucks,New Orleans Pelicans,0.786312476
Houston Rockets,Charlotte Hornets,0.773104244
Denver Nuggets,Portland Trail Blazers,0.605613252
San Antonio Spurs,Los Angeles Lakers,0.609035663
Detroit Pistons,Phoenix Suns,0.881034474
Boston Celtics,Orlando Magic,0.636425024
Golden State Warriors,Brooklyn Nets,0.761529237
Toronto Raptors,Indiana Pacers,0.794402984
Minnesota Timberwolves,Atlanta Hawks,0.707986822
Oklahoma City Thunder,Cleveland Cavaliers,0.947593644
Memphis Grizzlies,Dallas Mavericks,0.542281557
Denver Nuggets,Utah Jazz,0.560647569
Los Angeles Clippers,Miami Heat,0.625646613
Orlando Magic,New York Knicks,0.923994821
New Orleans Pelicans,Chicago Bulls,0.789142803
Milwaukee Bucks,Philadelphia 76ers,0.590452852
Portland Trail Blazers,San Antonio Spurs,0.583414533
Houston Rockets,Los Angeles Lakers,0.643722632
Philadelphia 76ers,Memphis Grizzlies,0.80735593
Washington Wizards,Dallas Mavericks,0.508901453
Boston Celtics,Atlanta Hawks,0.856817556
Toronto Raptors,Indiana Pacers,0.707712748
Oklahoma City Thunder,Detroit Pistons,0.772013579
Houston Rockets,Phoenix Suns,0.957030815
Miami Heat,Sacramento Kings,0.561899972
Portland Trail Blazers,Utah Jazz,0.524640652
Milwaukee Bucks,Orlando Magic,0.651536624
Charlotte Hornets,Dallas Mavericks,0.603898709
Detroit Pistons,New York Knicks,0.865290522
Indiana Pacers,New Orleans Pelicans,0.68942885
Toronto Raptors,Brooklyn Nets,0.846125536
Los Angeles Clippers,Minnesota Timberwolves,0.621439141
Golden State Warriors,Los Angeles Lakers,0.796268995
Denver Nuggets,Phoenix Suns,0.96205966
San Antonio Spurs,Sacramento Kings,0.702230115
Oklahoma City Thunder,Boston Celtics,0.599047522
Atlanta Hawks,New York Knicks,0.729804081
Philadelphia 76ers,Chicago Bulls,0.933301397
Memphis Grizzlies,Washington Wizards,0.519201325
Houston Rockets,Utah Jazz,0.64442282
Los Angeles Clippers,Cleveland Cavaliers,0.931879663
Portland Trail Blazers,Miami Heat,0.720283822
Detroit Pistons,Charlotte Hornets,0.503557899
Indiana Pacers,Brooklyn Nets,0.632862199
Orlando Magic,Atlanta Hawks,0.802667187
Toronto Raptors,Minnesota Timberwolves,0.864437132
Milwaukee Bucks,Sacramento Kings,0.836140805
Utah Jazz,Dallas Mavericks,0.71970315
Denver Nuggets,San Antonio Spurs,0.636861656
Golden State Warriors,Miami Heat,0.807345639
Los Angeles Lakers,Phoenix Suns,0.912485359
Philadelphia 76ers,Los Angeles Clippers,0.691924094
Washington Wizards,Chicago Bulls,0.755613821
Portland Trail Blazers,New Orleans Pelicans,0.751399501
Oklahoma City Thunder,San Antonio Spurs,0.572641358
Houston Rockets,Boston Celtics,0.630692763
Atlanta Hawks,Cleveland Cavaliers,0.774629686
Orlando Magic,Detroit Pistons,0.652690734
Toronto Raptors,Brooklyn Nets,0.767575649
Milwaukee Bucks,Indiana Pacers,0.65412165
Washington Wizards,New York Knicks,0.868479131
Portland Trail Blazers,Memphis Grizzlies,0.709016216
Charlotte Hornets,Minnesota Timberwolves,0.503504668
Sacramento Kings,Dallas Mavericks,0.536866216
Golden State Warriors,Phoenix Suns,0.970635578
Utah Jazz,Miami Heat,0.655494548
Denver Nuggets,Los Angeles Lakers,0.750468875
Boston Celtics,Los Angeles Clippers,0.600564483
Oklahoma City Thunder,New Orleans Pelicans,0.734137188
Milwaukee Bucks,Detroit Pistons,0.753054817
Miami Heat,Atlanta Hawks,0.739354436
Charlotte Hornets,Chicago Bulls,0.835513692
Philadelphia 76ers,Brooklyn Nets,0.793030539
Sacramento Kings,Memphis Grizzlies,0.520938533
Golden State Warriors,Houston Rockets,0.662731972
Orlando Magic,Dallas Mavericks,0.680920161
Washington Wizards,Cleveland Cavaliers,0.829724422
Indiana Pacers,New York Knicks,0.921915771
Toronto Raptors,Phoenix Suns,0.974420299
Boston Celtics,Minnesota Timberwolves,0.66924055
Oklahoma City Thunder,Denver Nuggets,0.503657173
Utah Jazz,San Antonio Spurs,0.508553291
Los Angeles Lakers,Memphis Grizzlies,0.622102722
Portland Trail Blazers,New Orleans Pelicans,0.808741714
Los Angeles Clippers,Sacramento Kings,0.704342557
Charlotte Hornets,Brooklyn Nets,0.554693773
Dallas Mavericks,Atlanta Hawks,0.645080368
Chicago Bulls,Phoenix Suns,0.589720911
Miami Heat,Cleveland Cavaliers,0.885151277
Milwaukee Bucks,Philadelphia 76ers,0.590452852
Houston Rockets,Utah Jazz,0.528489459
Boston Celtics,Los Angeles Lakers,0.582829215
Denver Nuggets,Minnesota Timberwolves,0.82663936
Toronto Raptors,Indiana Pacers,0.794402984
Washington Wizards,Chicago Bulls,0.793224278
Oklahoma City Thunder,San Antonio Spurs,0.572641358
Golden State Warriors,New Orleans Pelicans,0.873120868
Portland Trail Blazers,Detroit Pistons,0.779694395
Miami Heat,Cleveland Cavaliers,0.91091165
Philadelphia 76ers,Atlanta Hawks,0.899385715
Milwaukee Bucks,Washington Wizards,0.793834313
Orlando Magic,Brooklyn Nets,0.536920821
Houston Rockets,New York Knicks,0.955707487
Minnesota Timberwolves,Dallas Mavericks,0.527733633
Utah Jazz,Phoenix Suns,0.943844825
Los Angeles Clippers,Memphis Grizzlies,0.699783095
Indiana Pacers,Charlotte Hornets,0.620576822
Toronto Raptors,Milwaukee Bucks,0.627804362
Oklahoma City Thunder,Chicago Bulls,0.921817317
Denver Nuggets,Detroit Pistons,0.815905391
Los Angeles Lakers,New Orleans Pelicans,0.659661923
Portland Trail Blazers,Boston Celtics,0.60960884
Golden State Warriors,Sacramento Kings,0.856599865
Charlotte Hornets,New York Knicks,0.882139538
Philadelphia 76ers,Cleveland Cavaliers,0.96210452
Brooklyn Nets,Washington Wizards,0.541522387
Orlando Magic,Atlanta Hawks,0.765246697
Miami Heat,Minnesota Timberwolves,0.60828448
San Antonio Spurs,Dallas Mavericks,0.7842294
Houston Rockets,Memphis Grizzlies,0.797068356
Los Angeles Clippers,Phoenix Suns,0.933211529
Utah Jazz,Boston Celtics,0.535708722
Philadelphia 76ers,New York Knicks,0.958372891
Portland Trail Blazers,Indiana Pacers,0.608367923
Oklahoma City Thunder,Sacramento Kings,0.778367381
Golden State Warriors,Los Angeles Lakers,0.796268995
Orlando Magic,Minnesota Timberwolves,0.669081474
Brooklyn Nets,Atlanta Hawks,0.689881648
Toronto Raptors,Charlotte Hornets,0.839162853
Memphis Grizzlies,Sacramento Kings,0.551266601
Miami Heat,Dallas Mavericks,0.621066369
Milwaukee Bucks,Oklahoma City Thunder,0.6510741
New Orleans Pelicans,Cleveland Cavaliers,0.836036794
Detroit Pistons,Phoenix Suns,0.883703067
Utah Jazz,Washington Wizards,0.752978239
Denver Nuggets,Los Angeles Clippers,0.592300857
Chicago Bulls,New York Knicks,0.694353984
Portland Trail Blazers,Atlanta Hawks,0.856256376
Miami Heat,Brooklyn Nets,0.572484315
Indiana Pacers,Cleveland Cavaliers,0.91942983
Los Angeles Lakers,Memphis Grizzlies,0.554385459
Houston Rockets,Boston Celtics,0.514604158
San Antonio Spurs,Orlando Magic,0.66958446
Golden State Warriors,Phoenix Suns,0.970635578
Milwaukee Bucks,Charlotte Hornets,0.723535595
Philadelphia 76ers,Los Angeles Clippers,0.597699417
Minnesota Timberwolves,Dallas Mavericks,0.559857021
Toronto Raptors,Denver Nuggets,0.503733593
Sacramento Kings,Detroit Pistons,0.517278083
Los Angeles Lakers,New Orleans Pelicans,0.606801065
Golden State Warriors,Washington Wizards,0.870358697
Utah Jazz,Cleveland Cavaliers,0.940788141
Houston Rockets,New York Knicks,0.95755684
Portland Trail Blazers,Orlando Magic,0.605647097
Memphis Grizzlies,Atlanta Hawks,0.670387062
Milwaukee Bucks,Miami Heat,0.708833895
Dallas Mavericks,Chicago Bulls,0.797480095
San Antonio Spurs,Indiana Pacers,0.676021006
San Antonio Spurs,Charlotte Hornets,0.653046924
Boston Celtics,Brooklyn Nets,0.71949905
New Orleans Pelicans,Minnesota Timberwolves,0.506748247
Oklahoma City Thunder,Los Angeles Clippers,0.648075166
Denver Nuggets,Golden State Warriors,0.5046638
Toronto Raptors,Phoenix Suns,0.971577989
Philadelphia 76ers,Los Angeles Lakers,0.677798043
Sacramento Kings,Washington Wizards,0.555372754
Boston Celtics,Cleveland Cavaliers,0.944012922
Oklahoma City Thunder,Detroit Pistons,0.695899633
Orlando Magic,Miami Heat,0.522510437
Brooklyn Nets,Memphis Grizzlies,0.580243798
Utah Jazz,New York Knicks,0.942656185
Minnesota Timberwolves,Chicago Bulls,0.791460744
New Orleans Pelicans,Dallas Mavericks,0.501556475
Milwaukee Bucks,Indiana Pacers,0.762331338
Portland Trail Blazers,Washington Wizards,0.804891193
Denver Nuggets,Charlotte Hornets,0.713095621
Houston Rockets,Los Angeles Clippers,0.677931277
Philadelphia 76ers,Sacramento Kings,0.761032863
Golden State Warriors,Toronto Raptors,0.561459474
Washington Wizards,Atlanta Hawks,0.663884719
San Antonio Spurs,Brooklyn Nets,0.649756492
Oklahoma City Thunder,New York Knicks,0.953042011
Boston Celtics,Utah Jazz,0.564181329
Indiana Pacers,Chicago Bulls,0.872757053
Orlando Magic,Minnesota Timberwolves,0.585064189
Miami Heat,New Orleans Pelicans,0.59004894
Memphis Grizzlies,Dallas Mavericks,0.542281557
Portland Trail Blazers,Phoenix Suns,0.956391425
Milwaukee Bucks,Los Angeles Lakers,0.684141125
Houston Rockets,Charlotte Hornets,0.685843317
Utah Jazz,Detroit Pistons,0.649553838
Denver Nuggets,Cleveland Cavaliers,0.961279201
Memphis Grizzlies,Atlanta Hawks,0.719400304
Golden State Warriors,Philadelphia 76ers,0.627937843
Portland Trail Blazers,Sacramento Kings,0.785893504
Brooklyn Nets,Chicago Bulls,0.821918236
Los Angeles Clippers,Los Angeles Lakers,0.609180271
Minnesota Timberwolves,New Orleans Pelicans,0.572347242
Boston Celtics,Oklahoma City Thunder,0.511842892
Milwaukee Bucks,Phoenix Suns,0.963898886
Indiana Pacers,Dallas Mavericks,0.648401167
Houston Rockets,Orlando Magic,0.710197692
Miami Heat,Washington Wizards,0.600973455
San Antonio Spurs,Cleveland Cavaliers,0.949496102
Detroit Pistons,New York Knicks,0.885018916
Toronto Raptors,Sacramento Kings,0.807623778
Charlotte Hornets,Atlanta Hawks,0.701004177
Denver Nuggets,Milwaukee Bucks,0.557780798
Toronto Raptors,Utah Jazz,0.632390704
Boston Celtics,Indiana Pacers,0.549521124
Washington Wizards,New York Knicks,0.835720077
Chicago Bulls,Cleveland Cavaliers,0.544245756
Houston Rockets,Minnesota Timberwolves,0.806363796
Orlando Magic,Memphis Grizzlies,0.571441634
San Antonio Spurs,Dallas Mavericks,0.7842294
Portland Trail Blazers,Phoenix Suns,0.957889396
Golden State Warriors,Los Angeles Clippers,0.757999627
Los Angeles Lakers,Brooklyn Nets,0.60081281
Atlanta Hawks,New York Knicks,0.729804081
Miami Heat,Charlotte Hornets,0.559584556
Philadelphia 76ers,Detroit Pistons,0.805065032
Oklahoma City Thunder,Utah Jazz,0.613232602
Denver Nuggets,Dallas Mavericks,0.800477513
Sacramento Kings,New Orleans Pelicans,0.561464633
Orlando Magic,Chicago Bulls,0.864264989
Milwaukee Bucks,Boston Celtics,0.684625267
Portland Trail Blazers,Memphis Grizzlies,0.782202789
Golden State Warriors,Brooklyn Nets,0.842361397
Houston Rockets,Los Angeles Lakers,0.643722632
Charlotte Hornets,Cleveland Cavaliers,0.877589887
Boston Celtics,Washington Wizards,0.763182619
Miami Heat,New York Knicks,0.889455292
Oklahoma City Thunder,Minnesota Timberwolves,0.784631208
Denver Nuggets,San Antonio Spurs,0.510427809
Utah Jazz,New Orleans Pelicans,0.757544663
Los Angeles Clippers,Brooklyn Nets,0.680622784
Dallas Mavericks,Phoenix Suns,0.842420874
Atlanta Hawks,Cleveland Cavaliers,0.721232277
Philadelphia 76ers,Indiana Pacers,0.729173379
Toronto Raptors,Detroit Pistons,0.85563477
Miami Heat,Chicago Bulls,0.830228571
Milwaukee Bucks,Golden State Warriors,0.530744978
San Antonio Spurs,Minnesota Timberwolves,0.774956939
Utah Jazz,Memphis Grizzlies,0.726305817
Los Angeles Clippers,New Orleans Pelicans,0.732936062
Portland Trail Blazers,Houston Rockets,0.546988042
Orlando Magic,Charlotte Hornets,0.623258716
Oklahoma City Thunder,Washington Wizards,0.742895087
Boston Celtics,Chicago Bulls,0.910189644
Denver Nuggets,Los Angeles Lakers,0.672886085
Brooklyn Nets,Sacramento Kings,0.501456674
Philadelphia 76ers,Washington Wizards,0.828000249
Milwaukee Bucks,Miami Heat,0.781650662
New Orleans Pelicans,Atlanta Hawks,0.673928963
Toronto Raptors,Golden State Warriors,0.576715452
San Antonio Spurs,Memphis Grizzlies,0.764593967
Utah Jazz,Los Angeles Lakers,0.639584783
Los Angeles Clippers,Dallas Mavericks,0.722865025
Orlando Magic,Detroit Pistons,0.578189862
Charlotte Hornets,New York Knicks,0.897368911
Houston Rockets,Cleveland Cavaliers,0.953849134
Oklahoma City Thunder,Memphis Grizzlies,0.690024974
Portland Trail Blazers,Minnesota Timberwolves,0.792001467
Sacramento Kings,Dallas Mavericks,0.548907075
Toronto Raptors,Philadelphia 76ers,0.521368525
Oklahoma City Thunder,Atlanta Hawks,0.844770945
Boston Celtics,New York Knicks,0.939070491
Brooklyn Nets,Washington Wizards,0.613577294
Golden State Warriors,Indiana Pacers,0.700716236
Miami Heat,Chicago Bulls,0.860055511
San Antonio Spurs,New Orleans Pelicans,0.725763089
Denver Nuggets,Los Angeles Clippers,0.706764527
Utah Jazz,Los Angeles Lakers,0.56831402
Minnesota Timberwolves,Phoenix Suns,0.875972193
Philadelphia 76ers,Charlotte Hornets,0.71765714
Orlando Magic,Cleveland Cavaliers,0.909378474
Houston Rockets,Sacramento Kings,0.80057139
Milwaukee Bucks,Memphis Grizzlies,0.833132332
Portland Trail Blazers,Dallas Mavericks,0.800752204
Golden State Warriors,Detroit Pistons,0.790588478
Indiana Pacers,Miami Heat,0.574800748
Washington Wizards,Atlanta Hawks,0.639071417
Toronto Raptors,Boston Celtics,0.723377841
Oklahoma City Thunder,Denver Nuggets,0.503657173
San Antonio Spurs,Chicago Bulls,0.915572545
Utah Jazz,Minnesota Timberwolves,0.737776239
Los Angeles Clippers,Phoenix Suns,0.936561741
Boston Celtics,Brooklyn Nets,0.624597121
Los Angeles Lakers,Charlotte Hornets,0.523261571
Indiana Pacers,Cleveland Cavaliers,0.908434135
Orlando Magic,Sacramento Kings,0.660909343
Philadelphia 76ers,Atlanta Hawks,0.899385715
Golden State Warriors,New York Knicks,0.971000102
Houston Rockets,Chicago Bulls,0.929149333
Memphis Grizzlies,New Orleans Pelicans,0.585961868
Milwaukee Bucks,Washington Wizards,0.793834313
Dallas Mavericks,Phoenix Suns,0.869988658
Los Angeles Lakers,Detroit Pistons,0.561196026
Toronto Raptors,Denver Nuggets,0.639780158
Portland Trail Blazers,Minnesota Timberwolves,0.720405352
Sacramento Kings,New Orleans Pelicans,0.502422439
San Antonio Spurs,Utah Jazz,0.599786258
Indiana Pacers,Phoenix Suns,0.922729824
Los Angeles Clippers,New York Knicks,0.934009042
Boston Celtics,Washington Wizards,0.712943767
Orlando Magic,Brooklyn Nets,0.536920821
Oklahoma City Thunder,Miami Heat,0.646251675
Denver Nuggets,Chicago Bulls,0.937192944
Milwaukee Bucks,Detroit Pistons,0.831083831
Houston Rockets,Dallas Mavericks,0.778952474
Portland Trail Blazers,Charlotte Hornets,0.682507313
Sacramento Kings,Cleveland Cavaliers,0.877647572
Toronto Raptors,Los Angeles Lakers,0.800873568
Philadelphia 76ers,Minnesota Timberwolves,0.752878642
Memphis Grizzlies,New Orleans Pelicans,0.507871341
Utah Jazz,San Antonio Spurs,0.508553291
Los Angeles Clippers,Brooklyn Nets,0.574446425
Portland Trail Blazers,Detroit Pistons,0.714679777
Orlando Magic,Indiana Pacers,0.550592125
Washington Wizards,Phoenix Suns,0.854338249
Denver Nuggets,Miami Heat,0.698070421
Toronto Raptors,New York Knicks,0.971931153
Boston Celtics,Memphis Grizzlies,0.656760253
Milwaukee Bucks,Houston Rockets,0.626668328
Golden State Warriors,Atlanta Hawks,0.925740711
Los Angeles Lakers,Cleveland Cavaliers,0.916409617
Philadelphia 76ers,Chicago Bulls,0.938498807
San Antonio Spurs,Minnesota Timberwolves,0.692879125
Oklahoma City Thunder,Charlotte Hornets,0.748801658
Utah Jazz,Dallas Mavericks,0.71970315
Sacramento Kings,Atlanta Hawks,0.698739057
Los Angeles Clippers,Detroit Pistons,0.614770649
Houston Rockets,Indiana Pacers,0.61204012
Orlando Magic,Brooklyn Nets,0.635508259
Philadelphia 76ers,Phoenix Suns,0.963694443
Portland Trail Blazers,Boston Celtics,0.510746936
New Orleans Pelicans,New York Knicks,0.841852546
Milwaukee Bucks,Washington Wizards,0.851522374
Denver Nuggets,San Antonio Spurs,0.636861656
Brooklyn Nets,Cleveland Cavaliers,0.879138037
Los Angeles Clippers,Charlotte Hornets,0.577984844
Chicago Bulls,New York Knicks,0.554901158
Toronto Raptors,Memphis Grizzlies,0.7915766
Miami Heat,Phoenix Suns,0.902692626
Los Angeles Lakers,Washington Wizards,0.617568502
Golden State Warriors,Oklahoma City Thunder,0.6859616
Utah Jazz,Atlanta Hawks,0.849854102
Milwaukee Bucks,Dallas Mavericks,0.808591294
Houston Rockets,Detroit Pistons,0.717817498
Boston Celtics,Minnesota Timberwolves,0.748398771
Orlando Magic,New Orleans Pelicans,0.69186572
Philadelphia 76ers,Portland Trail Blazers,0.588633212
Golden State Warriors,San Antonio Spurs,0.695040386
Indiana Pacers,Sacramento Kings,0.588721951
Miami Heat,Charlotte Hornets,0.505848702
Phoenix Suns,Cleveland Cavaliers,0.536498586
Portland Trail Blazers,Brooklyn Nets,0.679359096
Toronto Raptors,Memphis Grizzlies,0.857436608
Los Angeles Lakers,Minnesota Timberwolves,0.568140445
Denver Nuggets,Oklahoma City Thunder,0.62698041
Utah Jazz,Chicago Bulls,0.898583483
Los Angeles Clippers,Indiana Pacers,0.599594918
New Orleans Pelicans,Atlanta Hawks,0.633353609
Philadelphia 76ers,Houston Rockets,0.584889727
Golden State Warriors,Denver Nuggets,0.63315678
San Antonio Spurs,Sacramento Kings,0.702230115
Orlando Magic,Charlotte Hornets,0.623258716
Washington Wizards,New Orleans Pelicans,0.521602067
Boston Celtics,Miami Heat,0.667950102
Brooklyn Nets,Detroit Pistons,0.576668253
Memphis Grizzlies,New York Knicks,0.868476668
Minnesota Timberwolves,Dallas Mavericks,0.559857021
Oklahoma City Thunder,Phoenix Suns,0.956071209
Milwaukee Bucks,Toronto Raptors,0.522371271
Utah Jazz,Cleveland Cavaliers,0.933172684
Los Angeles Lakers,Indiana Pacers,0.513995138
Golden State Warriors,Houston Rockets,0.529163084
Los Angeles Clippers,Sacramento Kings,0.631809425
Portland Trail Blazers,Utah Jazz,0.623655013
Miami Heat,Detroit Pistons,0.543961157
Indiana Pacers,Brooklyn Nets,0.632862199
Philadelphia 76ers,Washington Wizards,0.789014741
Charlotte Hornets,Atlanta Hawks,0.701004177
Boston Celtics,Orlando Magic,0.636425024
Minnesota Timberwolves,New York Knicks,0.877363374
Toronto Raptors,Milwaukee Bucks,0.627804362
Memphis Grizzlies,Dallas Mavericks,0.573573024
Golden State Warriors,San Antonio Spurs,0.57610961
Denver Nuggets,Chicago Bulls,0.937563574
Cleveland Cavaliers,Phoenix Suns,0.587294614
Oklahoma City Thunder,Los Angeles Clippers,0.534435979
Los Angeles Lakers,Sacramento Kings,0.578981614
Charlotte Hornets,Atlanta Hawks,0.74398432
Philadelphia 76ers,Orlando Magic,0.723360692
Milwaukee Bucks,Boston Celtics,0.559650455
Indiana Pacers,Washington Wizards,0.684114478
Miami Heat,New York Knicks,0.913635726
Brooklyn Nets,Dallas Mavericks,0.607359622
Denver Nuggets,Utah Jazz,0.674816984
Chicago Bulls,Phoenix Suns,0.691616464
Toronto Raptors,Houston Rockets,0.537523138
Minnesota Timberwolves,Detroit Pistons,0.52833607
San Antonio Spurs,New Orleans Pelicans,0.792709936
Portland Trail Blazers,Memphis Grizzlies,0.782202789
Sacramento Kings,Cleveland Cavaliers,0.851235168
Oklahoma City Thunder,Los Angeles Lakers,0.619103481
Toronto Raptors,Washington Wizards,0.831359015
Detroit Pistons,Atlanta Hawks,0.673619048
Indiana Pacers,Miami Heat,0.515211161
Philadelphia 76ers,Milwaukee Bucks,0.540304564
Minnesota Timberwolves,Phoenix Suns,0.878041417
Charlotte Hornets,New Orleans Pelicans,0.543300266
Oklahoma City Thunder,Brooklyn Nets,0.758550584
Houston Rockets,Dallas Mavericks,0.778952474
San Antonio Spurs,Sacramento Kings,0.768494761
Denver Nuggets,Memphis Grizzlies,0.818097676
Portland Trail Blazers,Cleveland Cavaliers,0.949744269
Utah Jazz,Los Angeles Clippers,0.587143584
Los Angeles Lakers,Chicago Bulls,0.846070328
Boston Celtics,Indiana Pacers,0.643163278
Toronto Raptors,Charlotte Hornets,0.77015076
Orlando Magic,New York Knicks,0.923994821
Houston Rockets,San Antonio Spurs,0.604996476
Golden State Warriors,Cleveland Cavaliers,0.968508892
Los Angeles Clippers,Chicago Bulls,0.886138356
Miami Heat,Detroit Pistons,0.590724429
Milwaukee Bucks,Brooklyn Nets,0.820297083
Minnesota Timberwolves,Sacramento Kings,0.537411766
New Orleans Pelicans,Phoenix Suns,0.85989223
Portland Trail Blazers,Denver Nuggets,0.514695573
Golden State Warriors,Los Angeles Lakers,0.72837099
Boston Celtics,Orlando Magic,0.546696093
Toronto Raptors,Atlanta Hawks,0.927684815
Houston Rockets,Washington Wizards,0.818567376
Oklahoma City Thunder,New York Knicks,0.949690602
Philadelphia 76ers,San Antonio Spurs,0.516024644
Detroit Pistons,Dallas Mavericks,0.545918843
Charlotte Hornets,Washington Wizards,0.610136007
Indiana Pacers,Orlando Magic,0.54051558
Philadelphia 76ers,New Orleans Pelicans,0.781365494
Milwaukee Bucks,Cleveland Cavaliers,0.963154812
Brooklyn Nets,Chicago Bulls,0.828168347
Oklahoma City Thunder,Memphis Grizzlies,0.690024974
Boston Celtics,Miami Heat,0.610938083
Golden State Warriors,Los Angeles Clippers,0.654434873
Denver Nuggets,Sacramento Kings,0.821319077
Utah Jazz,Phoenix Suns,0.94195668
San Antonio Spurs,Houston Rockets,0.521983794
Toronto Raptors,New York Knicks,0.970622983
Milwaukee Bucks,Atlanta Hawks,0.914157512
Los Angeles Lakers,Minnesota Timberwolves,0.635750105
Miami Heat,Charlotte Hornets,0.505848702
Brooklyn Nets,Cleveland Cavaliers,0.889118402
Boston Celtics,Detroit Pistons,0.66295741
San Antonio Spurs,Indiana Pacers,0.576298852
Orlando Magic,Chicago Bulls,0.875968899
Houston Rockets,Phoenix Suns,0.961356041
Philadelphia 76ers,Memphis Grizzlies,0.74233918
New Orleans Pelicans,Washington Wizards,0.52675246
Oklahoma City Thunder,Utah Jazz,0.613232602
Denver Nuggets,Dallas Mavericks,0.834237839
Golden State Warriors,Portland Trail Blazers,0.66617413
Los Angeles Clippers,Minnesota Timberwolves,0.711924195
Toronto Raptors,Miami Heat,0.757095735
Detroit Pistons,New York Knicks,0.885018916
Denver Nuggets,Utah Jazz,0.560647569
Los Angeles Lakers,Sacramento Kings,0.62721346
Atlanta Hawks,Cleveland Cavaliers,0.721232277
Boston Celtics,Chicago Bulls,0.903543471
Milwaukee Bucks,Brooklyn Nets,0.720627679
Oklahoma City Thunder,Dallas Mavericks,0.760196775
Houston Rockets,Memphis Grizzlies,0.797068356
Minnesota Timberwolves,New York Knicks,0.861963422
Toronto Raptors,Orlando Magic,0.70534783
Philadelphia 76ers,Charlotte Hornets,0.784277879
San Antonio Spurs,New Orleans Pelicans,0.792709936
Indiana Pacers,Washington Wizards,0.626991256
Los Angeles Lakers,Phoenix Suns,0.918017339
Portland Trail Blazers,Los Angeles Clippers,0.658082168
Golden State Warriors,Sacramento Kings,0.80235093
